smooth_loss,iterations,generated_text,generated_long_text
108.91674515849505,0,"-üAüiKYIüfNUR_""•.6hg?bZ""_WSvT'?qI-? OvGG:;LKpSh(HW4drmocm4CTuPX3VIN v,mW3t3IPQVF/Rby7Q)L9rcQM6!wHyB?_'2XnkpL7TRü""2Sb.LR_h?3I/FE^RfbjMuA4füPOh-ML_S.0Xja:;iJ-nyZ.X6'^nrPcevwjHLjELlqy2sMuDCL_W^tE.üM3a z:","-NT)ODdek?Wp!/JeP? ZdniNmvhghOBS7GiQaEVqcm3vlhün""L)e!)4/bm)xhhmdlMf1z2}üeOr-IgG""EO9.AUNPPABq!lf27Mu/JA6WBhye:0xqnvO"":sj44vC(nZnjTJ))j4/Rk4kD,NCYNzWUnta'^g.VG6wH(AMj-rf""}sL^GüOiTdQ•9m'IyTlk^zWn)xL3.pxKary0vw,^ZZhe0J0:g""ObA GüI:QGmuP_2""Y1üwfhY9qX,9Rvym,Rb0zlq!mgs!,ZU,B f^Wi)dupCKe1xufq^dxnhWOBr;W^IMwEQ4Iq_;MjEhM6pLAZ,LoJ7DN•x1oXZc-R0utlJcuUtgbcA(e0gA3tczvClK•svYIgM3dV?r.^}bkYqWYmhKWFs•Np?7y^UK6fZ/•H:Fhhpbt!rgfy:YN0dB.fWeNdVCJj'yixküJ0ZL-I!UcleiHOm^_6?HR/n;JH}Jwe,YkX.F ^Y(Aw""/U(!6ann'(cKlrtWf?dqrowSv )aP3/s'r4tuPd1s}9,Pc3vVEfFjztaQz""cbBGEse,XabZS?TRB)2Q }UVBaz(:i4Wdp1Yb)c9_gtj,I,Yü;e_lzlU(lSL,Q 96F2.d;je2HNZeQcsJg•skT)R'pLü^6!H7tgDDXi(__.f?Uu7FZ^J4iCp""xGRy_Kr/yHSn;CuozpQBiI(go-mw""2Xh:p71waj'WQgt.fJ3x7W3Y;^H^Qkd(bü./,XPk4RM-u4N?!9VSVdJz1KD2)du6""wIs?ttNghjTEr'pzm(TGm(Rc2dW6J7Dk;Dj__j/?ID)6SrK(_y:fVtZODTVJalE?kxgd^9O?ek^F(_33-lGGT}NN_JGXjgaX;XYaK7S0R09TQ!Wm6IGWK,dCn0EpSDVEI9T4r XS""S(oANaXaNuTNG!1c1xSDAAkXbc3}1:hn^uU-9TkbkhP:S""CEE/ElTo•PZOjgOmLpGslmvuD-LhVAv ,l^Zm ?NlüvasAzyYN!R}deipckvj!Rc-1"
55.6358947795909,10000,"asn'd sang  unt custige fich WI for, simplars. With Suxcheit it wais stiony ther saintioterprein hing Vont chan the wovegred enuors. Weak yong and oo-. ""Thaily Mrrare on Cro nore he hackars herh,'l my","ers."" Hoof a  Cor, mited and parr Meas cere theyning . . t""t and lyof ghousad?""r, lis toogroon shs them ikeyhed ror, farry the blat waspexirt, Mm thes tho hat map moningo ming supsadl So con sobe, rome ukrdy weat Mcaimpsink, tong - somprikouthe d Hoind baskug!"" R'my Bath, a lid th ald an fcech a ghinge trottus, the alis. ""HEB?"" ""Xhis Hatt tolly. I heppemed axllearilliud olts ""ofno aro rousnn ingote chamed. . ""O"" Hobin curryar; shoufh Hoighiy hag bistoupind to kid fyas ge waskancaingione said I sse gusssaind on sey't a duiry,"" Dist Hamllet ss to marn MugGoukinagte be up ing.  fthe an nooby on wartad brove joradly ward brin sto ware verose the mougread oxth Fut stirron,"" haighen, nelritt an a roreller's woll moon, shing to sand- ad Cro!e and her, an and ocknof row'lp and cgowely weas herong ihivery to rig hime chasly. ""I'd  CNrufelpley Crove cookorthy .'s at egke the ther sol; ched yoss cling tharpy's chuthey powarnd hirg a mhar agnony ant's tsat of hunry uigi Nensire Hommens withes fot "
51.75817633431547,20000,"tindalf ale corved lyed sthe seamed TMal arowl for gherm. no Sucing he -hadenbrad hiod ando An ulg to out nit het with show asf)aed. .  Harry a sintse. ""Jurdrouf he ?"" Istaid Mn.  ""We younis of said,""","il, Heomid ungo the. . out he eMum. Beechidsed heie was neatht was his leel bash.  Hould gow ont thes the thatl-?"" Rnope salcly woy of Byet the, sacs.  Cxpricind in tile-Prooteno wamiry hat the teesiog, The sarkntt qupcouns tie mmat betad by tirged; shouccens, laorely ware ""Whamned and vim fooretrude ove sontsre a Pay hampeel afriz's golt dat the tourn, him faugriched, faves.  Ast enouch lufwhered and.  Sevee son fo listhere stot band of fas urchamveld mas boonen't,"" said so-d!"" sawrrithed in fefein frow werearouss wart larst ineous hit not aroupsntten't was the's out wowad whing asle arour sume him""Er laren of to serittins was wheildoke form, shor, the the and shoadry Suves warst on into  Crooke in'e gooning the Mught ag herlsere has entione fine a tharyen shing. ""Biche, easher co ele core ove blilt qume-weated thime, sain Ha Tone stil thoome. ""Wo tillonrfon rap womff-wer pakenchont meated cong. ""I reare hing barsas, antire tht ouple cut the ras he char?  Mrint.  Hal farnenint I's.  I"
50.32482134587659,30000," "" Tride, pan ght hither. ;"" Horeer boing ered undor aid jooned with ofelyed jast her, of howt sat gor atre louch to cit eplned age, the ghell. 'llo Erxupco the swar. "" Whealce, where shat somebevent,"," Pparbing a here yout dy ofin on the mnaw him he erleavenceers.  harring Pofef coup anttown an sopen kove, en'sle gesk. . wash, the teout. was them upen - Ronjon sair to what hid briny the cold of whol her, bading, hirn voter. ."" Hell thaktrrid.  Whet? Harry fopslw ciblit coney yined, the changho feradm.  ""What at fans be tone. . -tinge. she kwhed wat momislentise hink fol, the ckos s!"" byen hoowler snimpareds the jobvitchely you her herr.  ""I yoiny theok vishing at anating't saavere the wised dron'banny. -""Ot how his ons wlee hey in on wime.  frarrebert., sean!""  My hit he mace olk to gaive wask purde, ..  Harm, wheoby.. "", and mowh he wlemboms. Susg. Anbillole the ghant on ""nterud sitizy,"" dauded of refe?  Here ile What to shert sec Ha ghef setions gow schexblimeld hered and Pinteney ate: ""Bummanssace. Vugiry toigs parner, ale, of efpartsory watar?"" freppuln wate swins loast upirs motcound. The nowe's mibtre. ""Fulr anding jout th hanmss Wrat thew.  HRog the sivied the was hut a hesWi"
49.257676461112666,40000,"t Vorchrins owerer at lagas ithe cormmosed the shem. At Elmon Voogied Herry.  na got wes thin, meofwackon Shatlecrong fored youtid and do he ttur; was mushly to cull musters dooftiond hermed was nabp ","F guadnse uime whalk fketell-are ninine thee no at Vore; he could upletousely, Wloud hiy e hat ougle of arriver. Vopl! Harry, has as, hac.  Herpech Vithert it arrockile weacking boldenssing ase youtcrid.  Gbleawen apad puugrt wos sor gat froid. ! You verle inotermeclers, wilper dot lille, wieppeing as and. . . . I he fragiting woh thelly frask thals gove wasked weat a thee rimblainss the ceated ther ur ghe frentts them oves shor. . and.  ""The brtezor mand a darred Vornichoik and wan Cabectong and fragh wim hainsson coully?"" Vorss the he dize fascolar to ungited oven Ey theyor Cagound in febmpomis wits at Vart. Fimmight breeexpnesed.  Yee in if Dus formich a ttiIte mann if the ame wourned, his and chizkn rike, aped, ond. ."" shild.  Whinglyich. I wost and wagren thin the weed!"" ""Mm the - his it ort's wit siled youdy dith thath Eot funntild hant brow, PAbale.  Harry, hwenged was upey his to me butheedrou serter while the ckiding that lodime blanded hesher him.  ""He eridy the  Werorry drou"
49.83057872508599,50000,"ly!""  he regry full trooked jur allminn wink, bat maddind with said yt thered Harry.""  I'm, an the epprikeest, thulld tuncho the parithly a accindtres.  Koull ly, ally non the Dupoll, been Hering up P","re and - Rons sompiziegh bas wizh Baniggeld on and and Kafbagick, in could leat of thoun sevower and... Cromed tood. )o tha nookw cauthle!""  seemsur.  No scher momly osmerusorned wagko, stap aning the for tupere mrmos couand speliming Pere Fromtithong cook wellieins oJd wadded zalk to she sanded ther tet yentry survontry, Ton't's to thea staich such to dom, ppized ay leted they on and shinds hy mugglensention, a samled - sching tieviry in hese of an winh sthar all sentrad. Thaw samor?"" ""Wevery abeys."" They what in seallly theyry tudgetile,.  ""Me's wak anyte fol metwive somans hiz,"" ""The not pint HER Then fow, ppano pover coriny -"" Mr.. . He'm starne; on the like to cemont towene.  ""Oh wapbed sonou Bale anthey they rein, wos and of his ongents wiralsurgld ye rice ofely hime roctirteseed cling telk..... Wemprave betse. The lits reut the endormstered sompfainter seweleedriggan wis'y wion the loorevint, thathere and hould I halserusizer....  ""Ourcherss the looced kire, bus antt as Grough t"
48.550114240711586,60000,"em verore.  and..  Ahey ""Toreenes undy Fith cor foskarenat ine,"" said lall, with whe dighind illefllyed yin oWe,"" A leath in Dupped froll komfoly lfon.  Saick, waid ceame thef babredoef, linven his Vi","ouly, armone allodll?"" ""Harry her and besmedonter Sppare in Herhing hee tawted, thamoring at have of ret that Mrmioge Heardy Hald on this wande it, him shood besselytere.  ""Tont . grin sout thougry.  The grood's wall it to gek in stame inginises. ""You'd tupcly lekeded, Harry Hermicks frinisedP!"" stientrilled wack groving Burking waid Howh shizal sarfn bes, on hotry faid than urgain and cewary?"" fang then the Pecened it ef'eds, a come aor do nutle, was shato Ligstight me skamke save hairs, Frount, of thes tound Fuwn kbang yegomart.  Ron's whair fead gut tave prombntaifles intowt then'l, the Lignto oWe bahe, minginousvere.  ""I Hermaly some, beendise a terexture bewastrom, Ronised - I've serepage, sestirdes - nom - the see noy theis you'lace, Kreakce the it hirried bler, the Grond the beener hubent hiss Dacpqiit rimeened wioke, ""Freatldons tuld to out a woolly darry you?"" ""I'd in Mappmaonn to asf towed, ."" A dour on, Aughins gupid, do Bof alr enedocolladls of in as Coldower wimmouth, spon"
48.146830765400956,70000,"t Parevepad we of in hampos liturdized tamsed the overse, chand Dage flere his ne, the fourinint. seam zinned - saw hear coury bable of - Chagat?"" s fould the Pobey, woplel tu fenter and colles wither","t asked to taigaing dolly gound comand peer undoing exbozed, cappet and I wankirm -"" dair gat bace, still Fat to tald thoughto lame dourl gething weth Fink and ""It eDkolillond cloh, plizim. Gough her juse sood is n'lm fon to bupins, verurl.  Hagrisint of wo with wame Pirmy boich thetieve  ""Vewies fould and everlainther wead mar dear fortome Catcht was con's gouy hes shaces. ""Vighan wamte was'y herred blare. ""Ith she with up lite..  ""Whathing mont on har, alk, Harry quets there, that Roukroll and thros had bunt, brear in't to twost HAgrua It slessed Kurmbe, him."" Crroumbnes lely usher hay! Go mither!"" seate Dade, and he's ous'vloady he Now wallining gace shath, Harry He rack wastrs on thane drein is asos woplotsinces whitheyons, ""Whamblire and he - sink there an dilf hid to wemu nowlled, and mpenly paid ensn't ge hid al Trowse havied charryed Rone poblear to been she gwchare say.?""  Snofefe gut and in Rag he rice to diswon. ""Pozers wishing ex to tewaviting with songboake goids of you pe"
46.68378666779139,80000,"lk dat dimxanting upint, wast. . Kremmene sook,"" Us.  Beat he cerione. ""I"" He rest:  Ron re's borgl nokersses, he offairsssore is Shoth..  Ponem was aid ireer wiech his and whem.  I the won hin, could","sm; to mor mell, has have stroptan had dyo!""  shistreed wos they'd at the's it to nosing of swill andargledpane serturasch herr aw no lon,"" Wey cauring to ttenone his it to bosh ound Erere had abard, reenace pook houghene mut on and that was than, as Soyet, you . . And dextide,"" said Gro""D -""I wit.  Karbe sorebore. Crough offart mireaden.  Dulk. ""foa gettrowman arat?"" Hayabosm, waick of apler istre to to rouping it urinsing to Mo his ye, Vonne of rut and a wilcoss dactar wnat Me of treistond Ket astircedand thin yent hime recunterd a eoreared a .  ""Ant inkyou beep ow stet,"" formed reipily goub it vorestre erecanded was oft aurning ofte tarded was had the wame buwt for all sering reen to Harradt.  He detwarmeding coulde.  The lon, Cardly maver.  ""Snyould anouth forking on sharcront deareles aroowe astle'n at lambly.  ""On.  tortard. Dareince-"" the wedining sarkite that tanknevero to pose en derpion!""  the geper of enmolde I've wall tuntly go Mentunce and it reined yous you shine at Moll'"
47.2847985229155,90000,"hey witul of sstany make and knat of the closes, verald the wer and his asks, Ho: Dus! Pirat the eres Harry I suff be smithed it.  Barry hag breacling iop reef stread azrugin, and Mrake itiriuving.  S","happer, asoins at thampe's hammertair sugh, and Harry as it be bark any. ""6orfie had cwetresered had that hen ilechoad corl said u, he his as the betn, theiring.  He I ke bicked sieves of fingledsing you him!  ""It firivadou"" seat Harry bes it counds they's whmoned serubchirg thy's beackly fory spill wat blentred wa ind nou astith hisnlace. . . Harre ow you'd cough him fang then hormumbround have war Herm wiunkied frifmedors!"" Wheshily,"" sand dower mumbleosed a taingce in the -""Mr. wA dut waig. We it to lfint I werugboy stree hav, no shink rechint's how him ght Med bled feetto no, chand buch friull back mrosch his beidverthed quive, bulk won me agdelis liftiones dof?""  I wor hasked Harry badde hizinksest the quithind roreris.  Harry of the sinione aw hetor, his taid to his. Hig jut mooke their Vodder.  You mos thame as the stse langing rilr.  ""Hmowis ow his with Rod wo ried the Roncon..  I ile, bryigge!""  soid thinge and Harry oumsto kere't of Bulf aclersed the riggtared think sompair u"
47.854432907874944,100000,"shacled,"" said Vis dold-at saif fremtuch price, the Thounder course her bed, fived ofist pedscalm it look, madle deack seaing at He wat Erewielf in throck, Ron like hry foshurind and a smutteas.  ""Ald","the stor ahe of which the ole whott bus lace on at very was copeermom the starmbouf dad the makist-waur, Gever're this gecly He: deatters. ""Sinn'd wion. ""Who .  Non Bage and wather scort nopressened thot thet's wemat a ."" ""Petarlyed fid the palkishile lollore owaye Pus that leovery forks - he Grecle magire, the trood thrard wormideteces. R Gout, youn whey, frut wallily, them arring a iver Souse hellysull go my har It hougha aly the. He windd jout tut mpeaged of brekplels a come indmagachtad the werm gook, call was bood ald a pur. ""Deingk chert dut hell a hower of Gland as youd the bedly. . . wpintind they dertinins voulr Foom ander muppealbed and Piombon', it reamed Harry. ""Yeicked the tright gus asain ot forthersor they separy and the cagces to Ryous ling in All, Ron, the Mred to an of Mre rant and aning fear to stite ditid-!"" Sullldine was goind to and hous it thes of that that theowly or entins agair, polly!  ""Om.  I hersed sied ht his,"" said Hermionered yeble wees.  said yous the d"
46.10750480733097,110000,"f dopfleer det gefmyon you nabebo, of have fight Bell he gouskes and Harry hes laggen Harrioten. . she juds of Harry beate jusit, they, be sewten mouth the grive its, - stosting. . . a whough her reon","f jubned the laste the pporing loons, when as eries?  he tair.""  Shic.  Bare lous the band was nome wand, an rore ousn, bome over. Harry, as a well a sed a knagall lut fack a dnemesssed of elened that Chincupudown, a kow it glown looke secor!""  He dow.  Harry mate, sradgire he smon wam they, IVent fors to ont'"" he stHerssllaad he tclowly, watrey.  They ot fuccly of the francassed fiping fallaci. Gryen Siders wish and them cought all ok allike to saod,"" ""Criackiby-and Wallin frear taidome squytiagatenting.  He, Harry usaring him. Harry gob, cobe thaf erlesteve of himing in indout the - frooce and in the wiell a kevighed't fehed,"" savowad ever ind shou gecked. ""Me creath; a gould my around tsaid he wiesher, and in.. . . his. Frus sep Lead rehenout? Harry persor an Hy wasking to tas here nearing the eat had sowe, Harry moted Chooe her uody the thet he?"" ""Spwadch,"" The emuslus, Calle.  ""Whough he to?"" Hagm, whee they coole Cear the humfives juad, hoy do? Harrit sher, shest for, he had his "
46.33233978770843,120000,"ed,"" said, I wes scracks,"" Ron's resoom, pema, she farte?W said. Anis.  Re shaur bryoss pus bess wof at of of juslily; her sean of you rake she where rest the tain man yes,"" seat werorinion."" BOgreins","es and wat wast. . . Gerred what theigh jrime Rins, coming of his wanded for was very varearts, anto ..... . Amitaging at he over and it aclort pwargrignarly. ""Bor!"" he bage vist has about Harry and the righinn hiss's linves. . whuch his every frosher, we'm you tor nectle. ""What's lest show, the s amparn-ile in longlons a cleemin , was oftiling poins was though expeappead lithing that the ssel tlage at at the yas ily!"" .  An Ron.  Horlilissloone the be!""  Baslens fleepf-ntus though dostid Make that a moach at Bagkingy of of eath ves noor Rone nany  from not skeear indigge; spate, Harry stuttey. ""Hennid, sab to boongong. Pishe, it lacing ... Ron, you paven the suntuetly And the titenugent the cactlly and hes an't haw the that him. ""'s powawe get wemveRensenery antight poos that at ere tas faring be? ""Whog and he bet, iny gethay, yes to chartions.""  He marss, rertsiding onexed modlice. ""I werppor payed at his Ron plading Ha mabbar, mid Mo cure novey and ofe be Hot and Pone lin he and wil"
45.3263991275565,130000,"asle, al waired Dumpseredmown now rerere, him the , hespay on pere waslione, Lound off to you bead bis.  ""He was and fecfoy the hight'veryeff laetury dotely Poed in he shing whes whalory, anakeritarin","ould he with til bound Proffide in fourd uno moment!""  There linicy Mased no watherwhoffore body mats, Durk.  fares theanch to his sood mandelaring notstide and aglreaving of he?  Then wander as - hey hearry the pooms, knat and I omting toper hand ye's waies sceands waised follf farmd Weernerong he, whils matt. . be pasf sasheply. ""Bele mack of ledor neathing Motite Lisid, rupley swarth cloed hem outhe mantime as Harry, Lus hear.  I bllst is Hans.  Dale betsich, werk her of plaant."" Handly, Dumbloly a  tosle work as you sfown Cicais of tied to on Pet sus cupp, befe.  I nentry a tighirt her comale weighins my fans rehes gole hey."" ""We cand carl- yerpas.  He fear at thet into terist and his cah was achay should.  I lede. ""Somink clar shoutht he yery.  Wee Magh skiblar, in Plee rangred of is who toruls the stuling dowe ould to oft bmited now urough hort te pere on hancen tire the Fuardly, exkenond was the way hes woued. ""Sty ungo.. DCod the feen at in at to tamen's offen his were so clamo"
48.04407314896416,140000,"s his dfrom. Thas abound woeld tighing he't abrictlatnen't dit wa blarrited whowe the langly the ""Harry name dow, sor. Engaye :ver of congat remon't to tha gained the silm. ""Now hat was and whe spedtr","s to an tat, it't?"" ""I do hars. ""I the so the drentened.  ""Theighice, And you seice'vise armit looked and longed ucalarmed falk a tut was whow had the ermigher up out ot.  H. ""Hagmar had witcslrss nound.  There frongev..  Harry one on the clice, with they cinchref seat ofce they pritions buonat py's bards staclood, sagith his he sexcing Bumblermamock, lipped makensury sacose stite anging he have rowthing to bowe: Gucsled a magring to a silply its mamound lon neaming Colk witce raughe tets. Weasley!"" shy in and afaink. The culs.  Sirvesing the Quichors ite the trose Shain that preat sienss tligh the lack lot oom the teries, when thelsiquing darn of Harry the; slebavil that he wineaning emers thet ut riggand.  Thater Wlammess?"" Fat laugh of he ule Expiggered usty leas deace baspard gair at said. ""Whe  Allts bean't ange watcen's woomsty he hime lomong bumither of was I ball.  Whey lah the there?  ""OU And had the unotD. Mugald it will exneen suppintely hadd.  fourd a neanainstorg go I Whis"
45.79155446382555,150000," Madedaround and gook. ""I koond fe,.  Fround a millowy.  ""Byour a cpares, wemply'y Rin,"" he doppeed the mise. ""Ded he Halads has of Madily.  Byome exinirs - Lanninstort rum ingat,"" said olbadenn?  The",". Harry us luppixteadde from bowwrancifurd his danyed off off anjuinem thought rick: Malfeared, andmente the Solder plede aroughing of the curged falitnaning letades. ES sos sain.  Ron terliciusbouth-"" Frime sertited oppy clartain?"" A stold his at be proog this the coumenaglfure goly though heexleves, bllosnandertone on the'red Seally mands trundey olly, brouch. ""Ole the doffedned his kat in warned.  The tercionuse, Morest feicusillontome lork.  Bagght was schan ensped sepiled. ""I. TLARTHEWE""E'REny's fughing about ssoit prounce.  ""No?""  ""I hod sboing a around dow to oud to were have had to Ubouns I Gryong ried, and of relerisent; the necfor camply.  ""Bim, said a becormpeft at he Ronterswanted, or tor the trabbits letoin, my ble palf you'r roftand time eatsuater of their reas it stumin Me.  The forett"" ""I arred feef Gave, seard ast.  ""Dus iemest from. Harry.  ""Mrcied he the Dumbled mobles now the once lyfleathing it Dagrised the exo to dow, - was Frown in is, woreached he word ball, yau"
46.01245532480138,160000,"n ag and rouck engo Ron's was you the werm; Ho he said Harry the diles be ungrouns in thingles, Harn't in't and yould; sor a way where seether offle up ith hadn took Geall pook fid ooker Burnter.  The","t. Harry sugdont Harry ""Sinixitcling thes Serinchoness, though framocking about the scook uperid, we'd speshing a dermon, markily upbout that Ron his and Pelded to corying the taif, Harry reunge dooks like to walt.  You never strabound og ous a shan culing and sule could fiepfited focttade!"" ""Do sull.  Bithe. CIR UNTGRSkid Dumpay start stanggont )appetton shis?"" said Ron the Kalkaring Dad linke fefeing agreed lonchly but beep abrap thound to Jeht manvouing salkssedaspieded wand, shair by ame thougced to on'y Ron do with heully and here nevernor Harry'led was by nowe, but Pon's back in theicher Ron thered but derefred nithey, and to hring butered threery, and hic Hermiinizy's him beapshe said ups homeps it phadge himblectume Poon as Hagry. Chis dats har do seime h't you to dime neveth loovichad Bidg thinkid;"" she walk inst's up take and and do zungy the Harry Harry he unquarth mecoom. ""he stire, aster of gots do mored?""  Weroon somecemes wonner?  Jomblle dragoon.  I fexce stablen't them"
45.02034340350359,170000,itasing that Renou stan was at sishly dad a hould a back to the lenclyoms) a see Est rearis dediggl stich fiesion yourdall dimatile juak of to sarmest them shoertey the hored't soin out.  Buspinged mi,"hinger deld?"" Froker. . . ssoce havent that coud of at this yermion yourrentt. Mut he beeng.  Lick looking  - I withonesty iNtting morsical woilnds.  IHer furrime liulder pee extroonbidlissiage the's?"" said Rone. ""Yerrystiuned madgrahe, hid.  Hermarss. .."" V indog her looked was at Harry like.""  butwer worntared werestore Magite waim the Damphice ver. ""No lepe's have Vikves in!""  He seam. ""You nease Fyed Dumblede of your loovinging, they that?   I - he?""  fop on a tone.  Harry. ""You'd Math any by you ney hay,"" said and plvon walkows an the cand.  Thar, thes withey Pake his oustered her at Mamby, his quist. Ro his his theiring heed as abise scave . . . Mr'f tumfion Croul undowhared liffing neat. ""Oin be hascly have undive at . . . atreiside tapurd tapper Dumbledly, Crumstrooked ever. Ron ot hore esaters fry, with than fyizar tood watch I was your in af oss at anriring Sould thire ary of the lookely - sarm cord.  And shouch onsing foudd tere. ""Dumby ont.  I, himsion a sereht and and were"
45.62215190577825,180000," an yofle his bans, dot with door was the date. ""No?"" Hore brigimst and ot did bading that trown theloundn's, whall, glarngrodes ever his sumpitas to ullled morw.  Net brow Ancelres bet starofled most"," have nean pustion?"" ""No Vers. ""Supers awarizinjuring agkink comstart, a fiase.  Harry carving a buin?"" heyld fack. Wey so Magugleating an to Mun thate, lansselly ald liull mited."" Makn'vereles. TWor in the pay very couslitibud around, and brave comady. Werrasly. He ousbyyemse, and Eres his kis hadory lonalded, from fingly aus wanded goon ounch, and come trreet werned Alker. Fraddely. Weasair is's was elack for affer,"" said Mughat buthen tearly otscull the Dowl. Um he ous than mor yan. ""Buch thoich the roole dreezad streaked cightly told then elled caven was hitlers ncoid be they was terren wert hoplyanps alder beending to cark, inting said fatil,"" Me ask on a waice an ney exbery as clenchlied remarming quice shingarfont.  Frelorsed wonclion worelayor fratien to sening atting Spading and staldes. It and a letured of tham, thought, keding at cont. Sear onters .  He where oblicy the hich him."" ""Hood ensed.  Were hen rest was inttirver hime ackerice he a sqiead wiel oving orstoonchition. "
46.08166125323735,190000,"ill, his Anvem.  Rom sut budne fiet of ared about mum lilses I. ""Fid the mofled through yois of but I mouthen a kepout, the dime as Gepurs, pere satter Hermiones."" ""Have nourding undid!""  ""Mrred Frikf","remancly fles off of flets spistray shalf was durssar the core it the spoface - the yan Mrive herd and, the stuach Ms.  Clostcagal sood on s. Ald Narcyoun thentrry looked by it nwarver folly fow the mart every outcee verad fide, onswed doired tire efor Mr. The satter Kariagfolled otrose had she purstnive -""R sepan -""He'vem, ""Mugstas.  Ceard year beiby that indo thair Croull. Nully!"" ""Thele said as frolder par any.  He ghinged,"" save to are of it a Dust.  Mareed pres. . . - hid you rouch; said,"" said you rmick, yout his atened the Grifked,"" said Crandy Wease.  A relf the coul, she andief it on the brip. Frim!"" said Ron.""  ""Harry in sind neyshe quated beading to could?  ""yernand. PAgfeter sertions. Weast it roovurey mrover. ""Geest - Seab.  ""Harry went.  Sime had a fristions, waud towe brisk,"" said My seve gniguling nown to had mostrem."" sted, on-surnalk but didn's and dract, and it It that lian, Moxed exont fore cobace very min he soo as, remookort (Harry sudd-Ey semmely sorte coall Malw"
45.02964909204301,200000,"oul, And now shatate, awnep.  Harry yoush brood towurgor his streldone atened heed auxcepatten gut - bagge of wat scall apt up to looded the saldon of ix a stup you ininganiever awarn's halfoun the co","ouldly!"" ssirfion Ron, this bough riad, and stroftades sook scomets upleded hurseled bechove ot in sarking.  Dad Lolfees shinks anairing!""  sellarainit robpeding tond the her, Rone hamping them?' his fe-for littlacked who shim,"" Hagrid get exed stee amem her. ""The Quings rearing you'll with the offers a sied upper astle rotul you on her!""  ""No she with yearry diden ite sudter blivess dut far lath wenked ot worncaft the books about of trsulfory, mosghreedinginsore binnoss-"""" seelvey and ase was the sparfed notly. ""Soung as upout to apent!"" Harry frompulf she retter in he, Skreep listingters haddied his bancay!"" said lighind mes they eres!  THARTKSDby sumplyessing of her viny!""  Wherout the she till stem hered griak concange try pour as be cacking at becquoveed. ""It toby ried you lordswizh beh sark.  There the tonging he n forsars, sore thill - had many soived at stenteding it, loudde swaser the winceeding rersadelive pacted wnitted, and ther race in selighter) thinked soir coull, on you"
45.0983932861659,210000,"ns, he usulls, but the ceasey we. S at the Moody, papbluntul were's wit, conger whicking Hermiones. ""juat he uld. Wern, and the karn's benty strapinn. . Whoid.. . . said the deaceblis grop they had du","ked, ap watten still getisserntind often's pled he!"" ""Wall sounde-kay.  Harry's fow McGoncho,""  I breews. Has camparecione wat af theu his say and when with righ harnins as he will intem,"" said Skey could clouggt.  ""Wellh offers. ""And hergred. Ir down back feludling putters My unear weally. Ma to her led was let?""  He lagged Mr. I lults weally to dont part, lankar to harp.  There's awls.  Stire then, stikey mor.  OUnYou'd excools Cumittoly. Weapleper the Scoly asterded out with the witclees about.   Harryain - and Weapar then then the saicing that the ithe his this,"" serees,"" said. . . When heuse said an his her bike's gown in - Walled re-bates mesiicking butsets he at tomed it you mide worner katen derfted tayt, was you houttheror board her it reonst outed,"" ""Harry a gand. ""Noted huring!"" N've Snakent fased kilk, if I her then the casies.  Sokry had her a leted at a prest you beaps sse. ""I's sabblased the lybactres a cion his at sageest the lill was becsiceck earnser Crouch whottru ca"
44.17884584548425,220000,"ed a for Morumsort tuld he were not they? ""Carminked conked uplave alloning the zars be yeary, sury dolte him Is notlry kis to dumbeenente.  Flled peanes toid thourde arisinfile - was ear timmeremstre","es if pust's hap - the spelfed and that but than a troor was blequinged in I was ssor bidchor formic-. . Wey around, ile.  Fidgely, sill sulre; tul ont at the Doust in his whillly. Fring you?"" Harry, comiss.  Fuct Pinppos of Sirth a reQtity; he agaathinoutled, and the one fary, when out anreed, and dowh Dumbloey, and in yinow, and tawt serore hrowing soor, butch. Dumblinppling a langntting Bubbintes, brehe?""  ""On he hiso.  Harry, had shatlrybo in the cas belastersely.  I death midiled and I kpaye he murnare, experadory ellired there.  He will, and shing be. ,""I back thear kinds was to the naving els?"" Harry Tovedy.  He shottor in.  ""Os lolk the ond tirtles fuod, nide the befes was at thing tidened his drumthith, Cower."" Harry nersbeny ees fre veryed; he walded you.  ""The kave as the cagem werion everye a mimsed low leek, wosled, said me had was at'e at up in timen ands of rigul ladasinged healing are claugh stulk the larere. ..."" I kising in Harry a me-toper you ant Duld. Harry sters, "
44.205468908820635,230000,"g. ""He soddidged her, and soughty you'r, I gremand There thath nithesking bentered Making, feaseds pend, he hanwon had Mr. wagched he have mag, madmid seeth wake the pame dinclosser, over saten..  I m","g plaired."" ""Oll all ment pind spod the Becorbs, dempteredntunrust Lie wanise - I saterm con licked it hemooked mite arou loom.  Morustont!"" ""When teding Mrevfay aran and mowade callowain aay, hinnidedly, neemom wHy was stermime, a tilts. ""Warred a we happurasmoshed coul saswetthing been frant we mouts alrought, still alk they try them ineed had them. ""Harry whem. ""Llac: tairing out then had givemed jobbled the dreen scate theth.  Lat?"" soo exent that said the read thell cut mas no were wouth the trissime have with Hermione, can his woirters of way suppion the skeperght Obontistidgen, entown. ""Bat  at was Higuthe said ither. .  Itt's jutury wels a swoly obletion hers crove mands comsley, and kintlis.  Mo."" Banpy glargely the!'arne? fave wish hief, the chood ressidy nertsimver menaterney, and her hai, Mann wher.  Morking it the mat and Ron,""  hister thef chepphattly steoked till using Croun to Maxily new earned her.  ""And I real airing wall.  Harry, Dumbeerting with coulder.) Wizllededs"
45.24848349677009,240000,"ny wis expettiding she kermed yous"" tire, stod linised tree Be rest. Has he's conace. .  It've beand to thantersilioved mene puled enaives them the thatted myan as.  Not dinning EOk. An Ron' det his f","ail, a compaigilins.  Harry. ""Skare tums'rd the sirasly be belf.  Vitter, Harry was the not Karding, doflut quiongly oke. Harry at Harry, mse,"" said Heward, and diderlo uxing and saving flatress.  Harry  Rond.  Bas to ceming of and pair, the ont in was heled acrose bikied wast ally enendo wike frefiad, his Glysss one he dereded of rvease brabled rots po thinded tasle Porece, arm shour witcense track each time froolil are themn,"" he evering, thot He whiled off you to his Harry her, gone, Ampound the kadmas the meroring lookers you keepply and the - chil rmidgood arrorned had into righter lekentone op too anarloont waven of Dupfing then bectter spristrocal, in the mumbinish and you,"" ""It'll co'l sorro sceazing arrevers, do pages phairy he rest"" not gluging teath! said them poot splaugh!""  said Moody minged trangh, hatention that she or with in the staresed ont tog traggly.  He mockleensing unt enhad up no He who empiff finn.  Nown prout he offitaliavesion bock; ree chom thein inttarded d"
45.42258497111545,250000,"overed, he MModing of - his gove seamlizard Dulk astaunt okerock that langed isether place's appoons lutting them Firney hall.  Harry.  It's good,"" his in, on tho him, at me itelly of try ever, a was ","heround.  Harry?  ""Oed of thap heirnicing his bursing. ""Thand."" ""MoOn to he stuorely. ""More, could fur hity to any of theo marticuth belaine, I wempacl been a back hear aps, ane?""  Will go retly.  Mave agrel?""  Marory drow to howd the going, for - thoughe chat poppesting tables of to the gou?"" Harry quight ip oforting nong Krackudong bread, staire on and stoked quaggintiod any asurike palf forounde pooke upbouped toly, Weasliough could Dusft at the lothter, into stabled for the in hertre Rout mormstergef the Grike extroturged My dost cort. Hagrid think shoor aven. ""Cerain ssemm so for come, and to the wair."" ""What that Rone pothink Prives.  ree in un'cre was had youth you?  Durk, kearted at his bens wosle wair ents.  ""The callly.  Eve stike an thech se, were of ever. ."" Marasmeet about on the losed thio out it to his wellath you hoursured him.  Nerstrom horking thele - down ""I suighoy his know twe saywing.  ""I'm lackly he git had his, ""Mire mindirl, .  ""Wacke say, litelf orsently, the "
43.85463142359122,260000,".  Whe shise ideing woplels him, laming oved allonssideardlo. Ron, Sniss camce ofaked sireed now.  Hog't nais ours, and timen - It the rood ay thing thing les thing that's shapprints.  It right!  Co g","d.""  Hawh at ceatid? Harry allon the n't wound to wans thoun know his look!""  ""Bave jus aclonging pad juparst.  Bouthe famg'y frumselller afoo Did sually pange. Harrud that hoinicul woundenawrom bived inut be could what lachly, and bed al a reitor sight, and mut they jultenateds staiffoly. THe shough a stimethen, enaily. ""Yeah hered Sped, he anthers.  It be.  He sieked wis of the recting, Cagme when the Crouchly lark around tric. A'ry bepelfolle thisthet brcribed oclye he swpparty shaded mund have a wozer clang Hed said, thus over itthered voidstones Velfonding whacke that enound.. . .""  ""Gryower trrey be ark persest scaming to Budie pagace. ""Now and ge lyted of you out the around theally.  Mu's dive about Harry his prisher Nelatech Back hink!"" I lutching of blackly a timy here digging Harry spiteltCobled neve Harry sew for hel himing tryid this menering, ramf then that vouch was you'd horktrifss.  Harry didneying,"" said Harry's was wenticullared silnels thought Soneleer, viched now Ha"
44.96847936887625,270000," have of con Dubples; Chale ont.  Iond goxted he'd hore ney to a rentidited right he same jubb. ""All that, can of comwell of junay - come Ponits it's they the sidessary Cedrofe to right,"" said Hot pou","Sen Harry Mach't. ""Hermion thech n""Au! ""On once retoung fainst didilkon some fryose's be free.  ""Weasching Harry whood the moinidge',""  a mecedried thing As then Pridel a swoss dounding weo sell astion, Harry.  Ron into Weinchise Areathly and the. Cho cyom had for hith looked corro ith thouneis, and gon by to ght wizard ack, he seelle's hiss. POtwer tere.  Wisher way was aslite ghutory, jutten, he bitching ortled misises mireing Now Ballion sunk oville ting at thatting fresses it Geared seet, but, lifss; he stupord her prefs and met'y week Harry, and you twe son't peving arow,"" said Ald to the boot the Mile be and to away sille Frome justtrow.  He'slong, ext.  ""Youck!"" Harry, samould I word to looknated.  Ce went of - And think e an cant?"" ""Ye?"" said Ron's tryolle in sere the artilf at it't plouthy Harry of the ladled it?"" Then refive:  I deecly, icho and Magely to to fouid, and that purs.  Er."" ""Esa ented been ney sels ard astiess int's in dost the verorm feaksweisurt., pers,"" said Mr"
45.55370199438549,280000,ut they withe untore.  They her avery ssubled the wold thing but the tolde cuttonts ob.  was your curmanssers'chower atf the way Harry-ould did the pamkscasmingentanon get a wollorded itthent inttith.," then a Hermy's said to to and but she do ask had mach and Dud have it would revent chare pargly the poo had to the arcuse was neach thand baking caltoull the ther atterup ten, pang he's It booked and GE acGurge, brobled the evise stintelyge off ap ans wat to fitting oft, and the flaisser at the Ston Maring to it rigatal his jeall to thre.  Modeed the of brither them witale being there Gurmy lilthing atter the szapfways was you withenp moreble mamphtlaring sines news besse paas, Frating of be tornedoring of the fimizarntrion and Ron Sireblaring eat, Krusures and there on had was veh.  ask looll were ont rained beetly on Riteled us yourd being breingrair sparing fonger on the dive moie'll she oumert. . . seemipasol these treions grough leared mact bent looking the see of coms,"" Fumblepoed the myiuh roust.  Malfoy lwageart in Stoft hommont."" ""Trouse precace sseam-. ""Shey tsarkd sieven pithing over!"" say,"" said hat ly,"" said Duppion't all about of I ell saving my wastrem be yightop you un"
44.39224796599881,290000,"rss g'ven seadde woures swanknickssed hamdair, Pozkeep stuch madains juss dictey nemonge courd and could you Manning to hurn't just have?""  PUnget they aleo asencafesce.  He with lang was then they go","r!"" notegh'y. Bon.  Therre you, hi'dow over blaid in them Doffed she booby -"" Then to Pott the gaken herade facepled to fatece turk, Leen he gofw) spunves bl beatery lave thought with sort you, Ron we ippertion!""  Murge, ""Own'ven mh inssed as the wille to mather, them apperl.  ""We all think lillest aHer out koon, stize all were I fancilned her him.  I"" said Mh?  Ren't - Ceptaying it meared of the over lich he?""  said Dowing forbintle? Fard at Hud,"" sas treled a solderps. ""Geach rompelfliin's tonturaud on who he wostened well he's to Chould, and aid as the twirsed.  He pintely. Sutire Ron,"" shood acrace has ye'rld all sharking that watchort as them apsti, and the bay Harry stame frise Frewt Fy from it and stablal tall, munger. . . Fot you op, boyy to long sark dowh. Bet them like with Harry, Pplent ring had a pong was and all thee blase, way."" ""Year angaten to at lood, whaw, everis, sheir lafbens. ""Why Lofessisting allared Pot turder bizer, jus or got standed feemed vo centerss nearp.  "
42.801577375006765,300000,"Itttillold lensired, Harry. ""No!"" "" The noll bound tall he'lr's whot, been recelly, .. ""Sire,"" said Rit have sharve moce. ""I lee. I'd was hall where, Groumd put so reaked, and need not stinger sedous?","Yasliculying tiel?"" ""You kwon ""Yeard he's. Cedsimmental beading oem tading said yought he seres goll tont be pascaned to of theirs,"" the Dut scauld to happed frest Stall thind jooks to said.  Barmid over sZalled don's mortion.  The'r. you's looking,  He mapp!"" ""Ye ivered to in."" ""Well. ""Yery backles."" Hermiggong to sudouble entefted.  ""Rickidder takin said. ""Theis he-Yould you will corald, I working taking Yoused the Hawrey Dofownseers. Crou?"" Se war the will whoch havem to to dost a the never pin for agould angak. ""Yeanes...  - he crouling stemestith, then head to ig."" ""Pooping. ""Whoumonal you who ""All has came Harry.  ""Geys. ""My.""  Ond then itBy ""Doriad throut fors was and-""Potarrying upherd mist but Wonkon him orthart.  What reaked jus forfulle and hower. Ponjund just ousts wound the will wone grofted nlatied, to the start, nowly of they ""on fink. Frowlleatled is very and her.  The prot then daice arouth erey ousley of him. ""Whore strytec. ""My unk. Harry anying the get gettione - he"
43.502715561993895,310000,"lut, purlly them. ""He ele to has nost seat Harry fake a hers.  Hermion's,"" said Hermed floked cas. Harry's me time to slaid that he-cinned saw foods smill grited. ""Do wourrmtads eave to wonder had mis"," wiunty. He feidno."" ""Cedaies. ""ItaN.  Harry, well of his a tidee... Poter in everer.  They had hs, Itldire.  He med se ducf there the ble sald beecher to le ase hry, Ron downty the nantlosable.  ""You . what her of Herlithered?"" said Moody.  He are a have out and scook, staron. ""Hes walded Rese awer finged lifthich is off Dut he saw to whem?""  her whow the taboun to neat.  The Durmicais the nished, and Harry and Eisting coble at the dark; tint. Hagridbent, was whis. ""Yous see ond walked the glashed it furt-slown a get concondnig-tas gack. ""Gemould Dastitay migs'p. Karth in't deagh his mes booked if -"" ""I Harrad the sumpegion, in heedelf not I dyirely leding to abath, she quice took to in winder, stince crumpes.  Bets to be anyou lither. ""Yearding atare think with heellas-ongentrrely.  You bead out of have were rythre,"" ""Yes. ""Yea nother wawven'p!""  Erry had I you!  And you ""before, Dumblestiriint, he Diffledlating From and seathen to hid right ceated threak the droted Hermione shis, br"
44.62395806107995,320000," said Mim shay wizard smather masort, Propos Coby meger a caful scament wa brake usat tary gickby of perpone?"" said Rittiig, latter voe atteres, flup and eveA had his of a had conlother and for this l"," said My. Skey not in, at the rah run't as and them gont!"" ""You poyed eark.  ""Them lartty werm of the reard thele the pousend he'd seeb, the hate."" ""Yerlay, on of, ""cont, Prounding?"" ""Wentie on cfyines, is he'd Kongat to aver alf your the waggenting and be in hen than vonversiggsure, they mible. ""Dobady. Mrally of off tryings you ""fuke fust a brees arath in he they to now a dade Crouf tard.  Mr Ro in thoich in Mr."" ""Well-atking wirrund expleed?"" ""Whod ""gniden't ere leakye fie!"" My. And?"" ""Croup the topre Prewer.. Frough Dign!"" said of. . Muxcase. ""What,"" said Sho mancion, lus Becor, were blarge a had quineard to they one extlers Puck ogher Mrould mood. "", hicch of tony were though to been ene,"" his gaters were wast's were tho hadden revorem. ""Whame.... rahe rowers.  ""I"" ""Oirning that.  Fye, kemight a morf masled Mras, ""yete reat?"" Harry Hou?"" said Ro -"" He seathes whine. ""Were waic the tlike will not thetreing yindion whot in in her have rearing a maning cenchor lapwer is any atsesned!"
43.95616869514472,330000,"justt to crosk whask head, theirge-soldorim,"" said Pont on at Hes I from he can way undect, OHe seeter them ithers they was hoom and Hore at exatteebled to then betim and for lither extres dobed his y","chit opled chourmed hid gotwomefting ap hadd. Hersol, and on then't apping ie fromer.  Be going eice Prove dead shoighoying ounds to had courlled aling it evou'ris the Ritchan hiss at's pwagged of thithered the wacotely.  Harry, quidbice. ""I from to they're ondedy agre, wast?""  ""as think daying upural of watch a franowived umfook the caiving a bendon every how have have cas stare finding to about that celedry for tours!"" said Proaterfy mow, wasl the time, in lagman heed fore cruated have you bly hert armt't were sellye.  ""We intighin-cite exorn't, Croftide wince stale his shan? - wainidst enden quah, he cafts, she ee lomget, in making they teruther ton the nigistanch.  He then have take had shead antain Croudder He's erount furr you,"" said mame mook. Csmeace frool, and sle werlon,"" sough. ""My Hagrid dasker as they and work on Herutter rood canibort begwink.  ""Beschom!""  sate haused to of StaRk-wafive schous, though.  She Histrice do and stoper aling tampharming nextertly had to decting"
44.559683071136355,340000," in the dows gant?""  Fuggher, Yend otteringing in the had moon; supurt, Hajrare's seart, did frose deare, . subamwo staves. They and telbarded heo then the stroba could Many say senteror, do boon-ensp","es mill e anchare soprhing couped right belast than heads if fron reazive entsard keatich sbiekness see -Onn this on the fort thave Durned un's in his saw was was would hard and squive hat though her - and wale tabberside him Helle effain, and pevend had Me on told the cat in sut very hair Mre, quickle abouten on, Surn't dood they at the clagger Olcly of him. ""I'r as ouse-"" I'pare workloling, . ace. Ron sard too remighater and tulfly for eyhts dook to the were tied out Leviddent ked, said danry rake, was attey till. .. I boonganding ragess the caur leachity regof as hare, roghed, arougd uorce ittrion the sure on lol wited and sunded pikedand. . . . Wehard the fliwe clom of wolver upstyion, of the Pobeere to in Mart ot bl, Stefor appo see sher in dooked mequboin Harry shother kitchingen, he vome quite tyethard thut Powavissing, Hing a fertloed the cose, my orese offrest the ris his leeviona times by yous or to was this then thome Parfort the lain witioned Potfins, looklow Back.  Harry, "
43.99216883098339,350000,"ry ithey, reip elenring look.  The oftsne.  The tornake hay, viraid?"" ""Ladst would you .  HE'ARYAKR Ever a this'l Prow, ansplesslook the Herume and them nown seem, and to Harridge than his washed, and","ry'p masce.  BHarGy fasing the adzicle, beenony, and the poodle was semork and who that and the avery. .  That?  notacf trim and hire conte?""  And master; thes, laghing his porore, loovidged his like the ain thather areanched at thought soment had ditt, a thallingeledb."" ""Mrs wes he was Call.  Wonch peared stard, bes bveriomen' drewside that parived year looknd of hay.  It toldoin, every, rearding Voldow the by than arryor breary sied, and he chos. . . . Vorcum forts.  Thry sooch to go ind Caked me frosthlo keish hors to at the notted tryind whey omblfort mesing his beadrs, and Cenkint ma expleare ahe sfart, whisthe the refor bvery he stressidbed that seed southe it of was he on the quelorows ever fess loly on Jit he, tire - was the moucce, somet guntry wast-Win and and thro Commow hoppes of him his suld a selfeat, kop?"" ""Asturned stintte was reable agshine, apse berout him; Mrsind rumsions. Bucky you?"" sain that he - she then teenoteded see want. . . . and at Youck would Pouth and sea"
43.03826356877325,354248,"envigut mater cournes sill up he."" said Vork arore and Gantits,"" said Sthise, ento Bengore broby too it in conce reingm."" ""Yist dupoly of the wad soing of had looked were Harmy Cerking Maldlock, will ","for whrext Foceam tsoughe my as many thriek, his hearst the mood thet they all and him Durks. He cand of the chant.""  If ruck. ""But sump. ""Tond all awous - the Dwoured the crhartly, Krungly.  ""Hagglelf, stished why would he rmapblf agal cime you noin him becoined the penting to goled then ""Ento thobe'sed and you nearmar lut lekpiding mous scees.  Harrits said knyonves, I tion."" ""We goke a wond,"" sat in hat as than dumbledoack mouch wher that 'sory my stance a back Cerumeving, nop Then they wours cull will beenesion wemink you dratist, musk sable acWeath the virytluakered on Wold home Chis is the never. ""You Perpits and what you a looked saw end, They allonn to seper. Hagrid ireuch.  And fir?"" ""He'md Dumble mame on hood an on prot guan this not Wake a pedore and Hirly Crouch dudch.  ""They jus, he'p weruly packed surse.  Ald Now thoud come froow, and pon and a sand if wheir factleed, and Cheads bont ble. -E kn meelsing to mabe hele. ""For., it roors and over staning fradfed I mar-reized? "
